<?xml version="1.0" encoding="UTF-8"?>

<!DOCTYPE hibernate-mapping PUBLIC "-//Hibernate/Hibernate Mapping DTD 3.0//EN"
"http://hibernate.sourceforge.net/hibernate-mapping-3.0.dtd">
<!-- Generated 18 Feb, 2020 10:39:13 AM by Hibernate Tools 3.5.0.Final -->
<hibernate-mapping>
    <class name="org.Pro.Stdnt" table="Stdnt">
        <id name="roll" type="java.lang.String">
            <column name="roll" />
            <generator class="assigned" />
        </id>
        <property name="name" type="java.lang.String">
            <column name="name" />
        </property>
    </class>
</hibernate-mapping>